Index,Type,Position
0,H,[0 0 0]
1,C,[-1  0  0]
2,P,[-1 -1  0]
3,H,[ 0 -1  0]
4,P,[ 1 -1  0]
5,C,[1 0 0]
6,P,[1 0 1]
7,H,[0 0 1]
8,P,[0 1 1]
9,C,[-1  1  1]
10,H,[-1  0  1]
11,C,[-1  0  2]
12,H,[0 0 2]
13,P,[0 0 3]
14,H,[-1  0  3]
15,P,[-1  0  4]
16,P,[0 0 4]
17,P,[0 0 5]
18,H,[ 0 -1  5]
19,P,[-1 -1  5]
20,P,[-1 -2  5]
21,P,[-1 -2  4]
22,H,[-2 -2  4]
23,P,[-2 -2  5]
24,P,[-2 -3  5]
25,P,[-2 -3  4]
26,P,[-2 -3  3]
27,H,[-2 -3  2]
28,P,[-2 -3  1]
29,C,[-2 -4  1]
30,P,[-2 -5  1]
31,H,[-1 -5  1]
32,P,[-1 -5  2]
33,P,[ 0 -5  2]
34,P,[ 0 -4  2]
35,H,[ 0 -3  2]
36,P,[ 0 -3  1]
37,H,[ 0 -2  1]
38,H,[ 0 -1  1]
39,H,[-1 -1  1]
40,C,[-1 -1  2]
41,C,[ 0 -1  2]
42,H,[ 0 -2  2]
43,C,[-1 -2  2]
44,H,[-2 -2  2]
45,C,[-2 -1  2]
46,H,[-2 -1  3]
47,C,[-1 -1  3]
48,H,[-1 -2  3]
49,H,[-2 -2  3]
